Course,Course Title,Instructor Name,Term,Section,TOTAL(COUNTD([COURSE_ID])),Avg. Number of Records,Number of Grades
CMSC100,BITS & BYTES OF CS,"Neuner, A.",Fall 2017,0201,863,1,17
CMSC100,BITS & BYTES OF CS,"Neuner, A.",Fall 2018,0201,863,1,14
CMSC100,BITS & BYTES OF CS,"Vaillancourt, A.",Fall 2016,0101,863,1,38
CMSC100,BITS & BYTES OF CS,"Vaillancourt, A.",Fall 2017,0101,863,1,16
CMSC100,BITS & BYTES OF CS,"Vaillancourt, A.",Fall 2018,0101,863,1,16
CMSC101,INTRO IMMERSIV MEDIA,"Bendell, M.",Fall 2020,0101,863,1,13
CMSC106,INTRO C PROGRAMMING,"Banes, A.",Fall 2019,0101,863,1,41
CMSC106,INTRO C PROGRAMMING,"Padua-Perez, N.",Fall 2016,0101,863,1,46
CMSC106,INTRO C PROGRAMMING,"Yoon, I.",Fall 2017,0101,863,1,39
CMSC106,INTRO C PROGRAMMING,"Yoon, I.",Fall 2018,0101,863,1,40
CMSC106,INTRO C PROGRAMMING,"Yoon, I.",Fall 2020,0101,863,1,38
CMSC122,INTRO COMP PROG VIA WEB,"Bercea, I.",Spring 2016,0101,863,1,74
CMSC122,INTRO COMP PROG VIA WEB,"Bercea, I.",Spring 2016,0201,863,1,73
CMSC122,INTRO COMP PROG VIA WEB,"Bercea, I.",Spring 2016,0301,863,1,73
CMSC122,INTRO COMP PROG VIA WEB,"Brubach, B.",Spring 2019,0101,863,1,85
CMSC122,INTRO COMP PROG VIA WEB,"Emad, F.",Fall 2017,0101,863,1,85
CMSC122,INTRO COMP PROG VIA WEB,"Emad, F.",Fall 2017,0201,863,1,83
CMSC122,INTRO COMP PROG VIA WEB,"Emad, F.",Fall 2017,0301,863,1,84
CMSC122,INTRO COMP PROG VIA WEB,"Emad, F.",Spring 2018,0101,863,1,85
CMSC122,INTRO COMP PROG VIA WEB,"Emad, F.",Spring 2018,0201,863,1,84
CMSC122,INTRO COMP PROG VIA WEB,"Emad, F.",Spring 2018,0301,863,1,80
CMSC122,INTRO COMP PROG VIA WEB,"Manly, J.",Spring 2020,0101,863,1,100
CMSC122,INTRO COMP PROG VIA WEB,"Padua-Perez, N.",Sum II 2016,YS41,863,1,10
CMSC122,INTRO COMP PROG VIA WEB,"Reinhardt, T.",Fall 2016,0101,863,1,72
CMSC122,INTRO COMP PROG VIA WEB,"Reinhardt, T.",Fall 2016,0201,863,1,74
CMSC122,INTRO COMP PROG VIA WEB,"Reinhardt, T.",Fall 2016,0301,863,1,72
CMSC122,INTRO COMP PROG VIA WEB,"Sadeghian, P.",Fall 2019,0201,863,1,66
CMSC122,INTRO COMP PROG VIA WEB,"Sadeghian, P.",Spring 2016,0101,863,1,74
CMSC122,INTRO COMP PROG VIA WEB,"Sadeghian, P.",Spring 2016,0201,863,1,73
CMSC122,INTRO COMP PROG VIA WEB,"Sadeghian, P.",Spring 2016,0301,863,1,73
CMSC122,INTRO COMP PROG VIA WEB,"Sadeghian, P.",Spring 2017,0101,863,1,73
CMSC122,INTRO COMP PROG VIA WEB,"Sadeghian, P.",Spring 2017,0201,863,1,75
CMSC122,INTRO COMP PROG VIA WEB,"Sadeghian, P.",Spring 2017,0301,863,1,74
CMSC122,INTRO COMP PROG VIA WEB,"Sadeghian, P.",Spring 2019,0201,863,1,131
CMSC122,INTRO COMP PROG VIA WEB,"Yoon, I.",Fall 2018,0101,863,1,87
CMSC122,INTRO COMP PROG VIA WEB,"Yoon, I.",Fall 2018,0201,863,1,104
CMSC122,INTRO COMP PROG VIA WEB,"Yoon, I.",Fall 2019,0101,863,1,32
CMSC122,INTRO COMP PROG VIA WEB,"Yoon, I.",Fall 2020,0101,863,1,102
CMSC131,OBJECT-ORIENTED PROG I,"Eastman, R.",Spring 2018,0401,863,1,242
CMSC131,OBJECT-ORIENTED PROG I,"Emad, F.",Fall 2018,0201,863,1,142
CMSC131,OBJECT-ORIENTED PROG I,"Emad, F.",Fall 2018,0401,863,1,306
CMSC131,OBJECT-ORIENTED PROG I,"Emad, F.",Fall 2019,0201,863,1,252
CMSC131,OBJECT-ORIENTED PROG I,"Emad, F.",Fall 2019,0401,863,1,272
CMSC131,OBJECT-ORIENTED PROG I,"Emad, F.",Fall 2020,0201,863,1,234
CMSC131,OBJECT-ORIENTED PROG I,"Emad, F.",Fall 2020,0401,863,1,190
CMSC131,OBJECT-ORIENTED PROG I,"Emad, F.",Fall 2020,0501,863,1,75
CMSC131,OBJECT-ORIENTED PROG I,"Emad, F.",Spring 2016,0101,863,1,141
CMSC131,OBJECT-ORIENTED PROG I,"Emad, F.",Spring 2016,0201,863,1,142
CMSC131,OBJECT-ORIENTED PROG I,"Emad, F.",Spring 2016,0301,863,1,133
CMSC131,OBJECT-ORIENTED PROG I,"Emad, F.",Spring 2017,0101,863,1,130
CMSC131,OBJECT-ORIENTED PROG I,"Emad, F.",Spring 2017,0201,863,1,128
CMSC131,OBJECT-ORIENTED PROG I,"Emad, F.",Spring 2017,0301,863,1,127
CMSC131,OBJECT-ORIENTED PROG I,"Emad, F.",Spring 2018,0201,863,1,137
CMSC131,OBJECT-ORIENTED PROG I,"Emad, F.",Sum I 2016,0101,863,1,49
CMSC131,OBJECT-ORIENTED PROG I,"Emad, F.",Sum I 2017,0101,863,1,63
CMSC131,OBJECT-ORIENTED PROG I,"Emad, F.",Sum I 2018,0101,863,1,58
CMSC131,OBJECT-ORIENTED PROG I,"Emad, F.",Sum I 2019,0101,863,1,55
CMSC131,OBJECT-ORIENTED PROG I,"Emad, F.",Sum I 2020,0101,863,1,66
CMSC131,OBJECT-ORIENTED PROG I,"Golub, E.",Fall 2016,0501,863,1,295
CMSC131,OBJECT-ORIENTED PROG I,"Golub, E.",Fall 2017,0101,863,1,327
CMSC131,OBJECT-ORIENTED PROG I,"Golub, E.",Fall 2018,0101,863,1,299
CMSC131,OBJECT-ORIENTED PROG I,"Golub, E.",Fall 2019,0101,863,1,172
CMSC131,OBJECT-ORIENTED PROG I,"Padua-Perez, N.",Fall 2017,FC01,863,1,93
CMSC131,OBJECT-ORIENTED PROG I,"Padua-Perez, N.",Fall 2018,FC01,863,1,143
CMSC131,OBJECT-ORIENTED PROG I,"Padua-Perez, N.",Fall 2019,0301,863,1,215
CMSC131,OBJECT-ORIENTED PROG I,"Padua-Perez, N.",Fall 2019,FC01,863,1,106
CMSC131,OBJECT-ORIENTED PROG I,"Padua-Perez, N.",Fall 2020,0101,863,1,231
CMSC131,OBJECT-ORIENTED PROG I,"Padua-Perez, N.",Fall 2020,0301,863,1,112
CMSC131,OBJECT-ORIENTED PROG I,"Padua-Perez, N.",Fall 2020,FC01,863,1,114
CMSC131,OBJECT-ORIENTED PROG I,"Padua-Perez, N.",Spring 2020,0301,863,1,196
CMSC131,OBJECT-ORIENTED PROG I,"Padua-Perez, N.",Spring 2020,0401,863,1,132
CMSC131,OBJECT-ORIENTED PROG I,"Pop, M.",Spring 2016,0401,863,1,146
CMSC131,OBJECT-ORIENTED PROG I,"Pugh, W.",Fall 2017,0401,863,1,332
CMSC131,OBJECT-ORIENTED PROG I,"Reinhardt, T.",Spring 2017,0401,863,1,146
CMSC131,OBJECT-ORIENTED PROG I,"Sadeghian, P.",Fall 2016,0101,863,1,142
CMSC131,OBJECT-ORIENTED PROG I,"Sadeghian, P.",Fall 2016,0201,863,1,141
CMSC131,OBJECT-ORIENTED PROG I,"Sadeghian, P.",Fall 2016,0301,863,1,143
CMSC131,OBJECT-ORIENTED PROG I,"Sadeghian, P.",Spring 2019,0201,863,1,232
CMSC131,OBJECT-ORIENTED PROG I,"Sadeghian, P.",Spring 2020,0101,863,1,60
CMSC131,OBJECT-ORIENTED PROG I,"Sadeghian, P.",Spring 2020,0201,863,1,54
CMSC131,OBJECT-ORIENTED PROG I,"Teli, M.",Fall 2018,0501,863,1,116
CMSC131,OBJECT-ORIENTED PROG I,"Yoon, I.",Fall 2017,0401,863,1,332
CMSC131,OBJECT-ORIENTED PROG I,"Yoon, I.",Spring 2018,0101,863,1,116
CMSC131,OBJECT-ORIENTED PROG I,"Yoon, I.",Spring 2018,0301,863,1,125
CMSC131,OBJECT-ORIENTED PROG I,"Yoon, I.",Spring 2019,0101,863,1,134
CMSC131,OBJECT-ORIENTED PROG I,"Yoon, I.",Spring 2019,0301,863,1,175
CMSC131A,OBJECT-ORIENTED PROG I,"Van Horn, D.",Fall 2017,0101,863,1,139
CMSC131A,OBJECT-ORIENTED PROG I,"Van Horn, D.",Fall 2018,0101,863,1,39
CMSC132,OBJECT-ORIENTED PROG II,"Ai, N.",Sum I 2016,0101,863,1,101
CMSC132,OBJECT-ORIENTED PROG II,"Emad, F.",Fall 2016,0101,863,1,144
CMSC132,OBJECT-ORIENTED PROG II,"Emad, F.",Fall 2016,0201,863,1,140
CMSC132,OBJECT-ORIENTED PROG II,"Emad, F.",Fall 2016,0301,863,1,109
CMSC132,OBJECT-ORIENTED PROG II,"Emad, F.",Spring 2019,0201,863,1,140
CMSC132,OBJECT-ORIENTED PROG II,"Emad, F.",Spring 2019,0401,863,1,142
CMSC132,OBJECT-ORIENTED PROG II,"Emad, F.",Spring 2020,0301,863,1,280
CMSC132,OBJECT-ORIENTED PROG II,"Emad, F.",Spring 2020,0401,863,1,104
CMSC132,OBJECT-ORIENTED PROG II,"Emad, F.",Spring 2020,0501,863,1,105
CMSC132,OBJECT-ORIENTED PROG II,"Herman, L.",Spring 2016,0101,863,1,143
CMSC132,OBJECT-ORIENTED PROG II,"Herman, L.",Spring 2016,0201,863,1,140
CMSC132,OBJECT-ORIENTED PROG II,"Herman, L.",Spring 2016,0301,863,1,144
CMSC132,OBJECT-ORIENTED PROG II,"Herman, L.",Spring 2017,0101,863,1,277
CMSC132,OBJECT-ORIENTED PROG II,"Herman, L.",Spring 2017,0201,863,1,129
CMSC132,OBJECT-ORIENTED PROG II,"Herman, L.",Spring 2017,0401,863,1,125
CMSC132,OBJECT-ORIENTED PROG II,"Herman, L.",Spring 2018,0101,863,1,317
CMSC132,OBJECT-ORIENTED PROG II,"Herman, L.",Spring 2019,0101,863,1,292
CMSC132,OBJECT-ORIENTED PROG II,"Herman, L.",Spring 2019,0301,863,1,239
CMSC132,OBJECT-ORIENTED PROG II,"Herman, L.",Spring 2020,0101,863,1,140
CMSC132,OBJECT-ORIENTED PROG II,"Herman, L.",Spring 2020,0201,863,1,168
CMSC132,OBJECT-ORIENTED PROG II,"Mamat, A.",Sum I 2017,0101,863,1,94
CMSC132,OBJECT-ORIENTED PROG II,"Mamat, A.",Sum I 2018,0101,863,1,118
CMSC132,OBJECT-ORIENTED PROG II,"Mamat, A.",Sum I 2019,0101,863,1,108
CMSC132,OBJECT-ORIENTED PROG II,"Mamat, A.",Sum I 2020,0101,863,1,117
CMSC132,OBJECT-ORIENTED PROG II,"Padua-Perez, N.",Fall 2016,0401,863,1,140
CMSC132,OBJECT-ORIENTED PROG II,"Padua-Perez, N.",Fall 2017,0401,863,1,139
CMSC132,OBJECT-ORIENTED PROG II,"Padua-Perez, N.",Fall 2018,0101,863,1,133
CMSC132,OBJECT-ORIENTED PROG II,"Padua-Perez, N.",Fall 2018,0201,863,1,127
CMSC132,OBJECT-ORIENTED PROG II,"Padua-Perez, N.",Fall 2018,0501,863,1,142
CMSC132,OBJECT-ORIENTED PROG II,"Padua-Perez, N.",Fall 2019,0101,863,1,257
CMSC132,OBJECT-ORIENTED PROG II,"Padua-Perez, N.",Spring 2016,0401,863,1,142
CMSC132,OBJECT-ORIENTED PROG II,"Reinhardt, T.",Spring 2017,0501,863,1,100
CMSC132,OBJECT-ORIENTED PROG II,"Sadeghian, P.",Fall 2017,0101,863,1,132
CMSC132,OBJECT-ORIENTED PROG II,"Sadeghian, P.",Fall 2017,0201,863,1,125
CMSC132,OBJECT-ORIENTED PROG II,"Sadeghian, P.",Fall 2017,0301,863,1,104
CMSC132,OBJECT-ORIENTED PROG II,"Sadeghian, P.",Fall 2018,0301,863,1,109
CMSC132,OBJECT-ORIENTED PROG II,"Sadeghian, P.",Fall 2018,0401,863,1,118
CMSC132,OBJECT-ORIENTED PROG II,"Sadeghian, P.",Fall 2019,0201,863,1,158
CMSC132,OBJECT-ORIENTED PROG II,"Sadeghian, P.",Fall 2019,0301,863,1,163
CMSC132,OBJECT-ORIENTED PROG II,"Sadeghian, P.",Fall 2020,0101,863,1,178
CMSC132,OBJECT-ORIENTED PROG II,"Sadeghian, P.",Fall 2020,0201,863,1,224
CMSC132,OBJECT-ORIENTED PROG II,"Sadeghian, P.",Fall 2020,0301,863,1,90
CMSC132,OBJECT-ORIENTED PROG II,"Sadeghian, P.",Spring 2018,0201,863,1,140
CMSC132,OBJECT-ORIENTED PROG II,"Sadeghian, P.",Spring 2018,0401,863,1,160
CMSC132A,OBJECT-ORIENTED PROG II,"Van Horn, D.",Spring 2018,0501,863,1,76
CMSC132A,OBJECT-ORIENTED PROG II,"Van Horn, D.",Spring 2019,0501,863,1,24
CMSC132H,OBJECT-ORIENTED PROG II,"Herman, L.",Spring 2018,0101,863,1,15
CMSC132H,OBJECT-ORIENTED PROG II,"Padua-Perez, N.",Fall 2016,0101,863,1,32
CMSC132H,OBJECT-ORIENTED PROG II,"Padua-Perez, N.",Fall 2017,0101,863,1,26
CMSC132H,OBJECT-ORIENTED PROG II,"Rasevic, A.",Fall 2016,0101,863,1,32
CMSC133,OBJ ORNTED BYND FUNDMTL,"Padua-Perez, N.",Spring 2020,0104,863,1,12
CMSC133,OBJ ORNTED BYND FUNDMTL,"Singhal, S.",Fall 2020,0101,863,1,17
CMSC198B,A HANDS OFF APPROACH,"Gasarch, W.",Sum II 2016,YS41,863,1,10
CMSC198Q,INTRO COMPUTING & PROGRM,"Van Horn, D.",Sum II 2019,YS41,863,1,45
CMSC198R,INTRO WEB PRG USING HTML,"Padua-Perez, N.",Sum II 2017,YS41,863,1,41
CMSC198R,INTRO WEB PRG USING HTML,"Padua-Perez, N.",Sum II 2018,YS41,863,1,55
CMSC198R,INTRO WEB PRG USING HTML,"Padua-Perez, N.",Sum II 2019,YS41,863,1,27
CMSC198R,INTRO WEB PRG USING HTML,"Padua-Perez, N.",Sum II 2020,YS41,863,1,56
CMSC216,INTRO TO CMPTR SYSTEMS,"Herman, L.",Fall 2016,0101,863,1,144
CMSC216,INTRO TO CMPTR SYSTEMS,"Herman, L.",Fall 2016,0301,863,1,253
CMSC216,INTRO TO CMPTR SYSTEMS,"Herman, L.",Fall 2017,0101,863,1,143
CMSC216,INTRO TO CMPTR SYSTEMS,"Herman, L.",Fall 2017,0301,863,1,255
CMSC216,INTRO TO CMPTR SYSTEMS,"Herman, L.",Fall 2018,0101,863,1,250
CMSC216,INTRO TO CMPTR SYSTEMS,"Herman, L.",Fall 2018,0301,863,1,238
CMSC216,INTRO TO CMPTR SYSTEMS,"Herman, L.",Fall 2019,0101,863,1,287
CMSC216,INTRO TO CMPTR SYSTEMS,"Herman, L.",Fall 2019,0201,863,1,285
CMSC216,INTRO TO CMPTR SYSTEMS,"Herman, L.",Fall 2020,0101,863,1,302
CMSC216,INTRO TO CMPTR SYSTEMS,"Herman, L.",Fall 2020,0201,863,1,302
CMSC216,INTRO TO CMPTR SYSTEMS,"Mamat, A.",Spring 2017,0201,863,1,95
CMSC216,INTRO TO CMPTR SYSTEMS,"Padua-Perez, N.",Spring 2016,0201,863,1,87
CMSC216,INTRO TO CMPTR SYSTEMS,"Padua-Perez, N.",Spring 2016,0301,863,1,98
CMSC216,INTRO TO CMPTR SYSTEMS,"Padua-Perez, N.",Spring 2016,0401,863,1,101
CMSC216,INTRO TO CMPTR SYSTEMS,"Padua-Perez, N.",Spring 2017,0101,863,1,126
CMSC216,INTRO TO CMPTR SYSTEMS,"Padua-Perez, N.",Spring 2017,0301,863,1,265
CMSC216,INTRO TO CMPTR SYSTEMS,"Padua-Perez, N.",Spring 2018,0301,863,1,277
CMSC216,INTRO TO CMPTR SYSTEMS,"Padua-Perez, N.",Spring 2019,0201,863,1,153
CMSC216,INTRO TO CMPTR SYSTEMS,"Padua-Perez, N.",Spring 2019,0301,863,1,285
CMSC216,INTRO TO CMPTR SYSTEMS,"Padua-Perez, N.",Sum I 2016,0101,863,1,108
CMSC216,INTRO TO CMPTR SYSTEMS,"Padua-Perez, N.",Sum I 2017,0101,863,1,125
CMSC216,INTRO TO CMPTR SYSTEMS,"Padua-Perez, N.",Sum I 2018,0101,863,1,111
CMSC216,INTRO TO CMPTR SYSTEMS,"Padua-Perez, N.",Sum I 2019,0101,863,1,98
CMSC216,INTRO TO CMPTR SYSTEMS,"Padua-Perez, N.",Sum I 2020,0101,863,1,152
CMSC216,INTRO TO CMPTR SYSTEMS,"Sadeghian, P.",Fall 2018,0401,863,1,101
CMSC216,INTRO TO CMPTR SYSTEMS,"Sadeghian, P.",Spring 2018,0201,863,1,128
CMSC216,INTRO TO CMPTR SYSTEMS,"Shankar, A.",Fall 2016,0201,863,1,81
CMSC216,INTRO TO CMPTR SYSTEMS,"Shankar, A.",Fall 2017,0201,863,1,127
CMSC216,INTRO TO CMPTR SYSTEMS,"Shankar, A.",Fall 2019,0301,863,1,125
CMSC216,INTRO TO CMPTR SYSTEMS,"Shankar, A.",Fall 2020,0301,863,1,142
CMSC216,INTRO TO CMPTR SYSTEMS,"Shankar, A.",Spring 2019,0101,863,1,139
CMSC216,INTRO TO CMPTR SYSTEMS,"Shankar, A.",Spring 2020,0101,863,1,179
CMSC216,INTRO TO CMPTR SYSTEMS,"Sussman, A.",Spring 2016,0101,863,1,114
CMSC216,INTRO TO CMPTR SYSTEMS,"Sussman, A.",Spring 2018,0102,863,1,66
CMSC216,INTRO TO CMPTR SYSTEMS,"Yoon, I.",Spring 2020,0201,863,1,280
CMSC216,INTRO TO CMPTR SYSTEMS,"Yoon, I.",Spring 2020,0301,863,1,117
CMSC216H,INTRO TO CMPTR SYSTEMS,"Spring, N.",Spring 2017,0101,863,1,19
CMSC216H,INTRO TO CMPTR SYSTEMS,"Spring, N.",Spring 2018,0101,863,1,23
CMSC216H,INTRO TO CMPTR SYSTEMS,"Spring, N.",Spring 2019,0101,863,1,26
CMSC250,DISCRETE STRUCTURES,"Acharya, A.",Sum I 2018,0101,863,1,62
CMSC250,DISCRETE STRUCTURES,"Acharya, A.",Sum I 2019,0101,863,1,63
CMSC250,DISCRETE STRUCTURES,"Eastman, R.",Fall 2017,0401,863,1,125
CMSC250,DISCRETE STRUCTURES,"Eastman, R.",Fall 2018,0401,863,1,251
CMSC250,DISCRETE STRUCTURES,"Eastman, R.",Fall 2020,0101,863,1,300
CMSC250,DISCRETE STRUCTURES,"Emad, F.",Spring 2019,0301,863,1,137
CMSC250,DISCRETE STRUCTURES,"Filippou, I.",Fall 2016,0101,863,1,143
CMSC250,DISCRETE STRUCTURES,"Filippou, I.",Fall 2016,0201,863,1,142
CMSC250,DISCRETE STRUCTURES,"Filippou, I.",Fall 2016,0301,863,1,144
CMSC250,DISCRETE STRUCTURES,"Filippou, I.",Fall 2017,0101,863,1,128
CMSC250,DISCRETE STRUCTURES,"Filippou, I.",Fall 2017,0201,863,1,267
CMSC250,DISCRETE STRUCTURES,"Filippou, I.",Fall 2018,0201,863,1,264
CMSC250,DISCRETE STRUCTURES,"Filippou, I.",Fall 2019,0101,863,1,178
CMSC250,DISCRETE STRUCTURES,"Filippou, I.",Fall 2019,0201,863,1,228
CMSC250,DISCRETE STRUCTURES,"Filippou, I.",Spring 2017,0101,863,1,261
CMSC250,DISCRETE STRUCTURES,"Filippou, I.",Spring 2018,0101,863,1,314
CMSC250,DISCRETE STRUCTURES,"Filippou, I.",Spring 2020,0101,863,1,240
CMSC250,DISCRETE STRUCTURES,"Filippou, I.",Spring 2020,0201,863,1,156
CMSC250,DISCRETE STRUCTURES,"Filippou, I.",Spring 2020,0301,863,1,96
CMSC250,DISCRETE STRUCTURES,"Filippou, I.",Sum I 2016,0101,863,1,51
CMSC250,DISCRETE STRUCTURES,"Gasarch, W.",Spring 2017,0301,863,1,128
CMSC250,DISCRETE STRUCTURES,"Gasarch, W.",Spring 2017,0401,863,1,133
CMSC250,DISCRETE STRUCTURES,"Kruskal, C.",Fall 2018,0101,863,1,106
CMSC250,DISCRETE STRUCTURES,"Kruskal, C.",Spring 2018,0301,863,1,118
CMSC250,DISCRETE STRUCTURES,"Kruskal, C.",Spring 2019,0101,863,1,224
CMSC250,DISCRETE STRUCTURES,"Liao, A.",Sum I 2017,0101,863,1,59
CMSC250,DISCRETE STRUCTURES,"Perlis, D.",Fall 2019,0301,863,1,171
CMSC250,DISCRETE STRUCTURES,"Perlis, D.",Spring 2018,0401,863,1,138
CMSC250,DISCRETE STRUCTURES,"Reinhardt, T.",Spring 2016,0101,863,1,143
CMSC250,DISCRETE STRUCTURES,"Reinhardt, T.",Spring 2016,0201,863,1,165
CMSC250,DISCRETE STRUCTURES,"Reinhardt, T.",Spring 2016,0301,863,1,141
CMSC250,DISCRETE STRUCTURES,"Scola, K.",Sum I 2018,0101,863,1,62
CMSC250,DISCRETE STRUCTURES,"Sekora, D.",Spring 2019,0401,863,1,107
CMSC250,DISCRETE STRUCTURES,"Sekora, D.",Sum I 2020,0101,863,1,54
CMSC250,DISCRETE STRUCTURES,"Teli, M.",Spring 2019,0201,863,1,138
CMSC250,DISCRETE STRUCTURES,"Wyss-Gallifent, J.",Fall 2020,0201,863,1,295
CMSC250H,DISCRETE STRUCTURES,"Gasarch, W.",Spring 2019,0101,863,1,33
CMSC250H,DISCRETE STRUCTURES,"Goldstein, T.",Fall 2016,0101,863,1,29
CMSC250H,DISCRETE STRUCTURES,"Goldstein, T.",Fall 2017,0101,863,1,32
CMSC289I,RISE OF THE MACHINES,"Reggia, J.",Fall 2016,0101,863,1,82
CMSC289J,CMPTATNL APPRCH LANG SCI,"Feldman, N.",Spring 2016,0101,863,1,12
CMSC298P,PRO & FAB OF CYBER SYS,"Pugh, W.",Spring 2017,0101,863,1,20
CMSC320,INTRO TO DATA SCIENCE,"Corrada Bravo, H.",Fall 2016,0101,863,1,85
CMSC320,INTRO TO DATA SCIENCE,"Corrada Bravo, H.",Spring 2016,0101,863,1,49
CMSC320,INTRO TO DATA SCIENCE,"Corrada Bravo, H.",Spring 2018,0101,863,1,177
CMSC320,INTRO TO DATA SCIENCE,"Corrada Bravo, H.",Spring 2019,0101,863,1,232
CMSC320,INTRO TO DATA SCIENCE,"Corrada Bravo, H.",Spring 2020,0101,863,1,291
CMSC320,INTRO TO DATA SCIENCE,"Deshpande, A.",Fall 2017,0101,863,1,186
CMSC320,INTRO TO DATA SCIENCE,"Dickerson, J.",Fall 2017,0101,863,1,186
CMSC320,INTRO TO DATA SCIENCE,"Dickerson, J.",Fall 2018,0101,863,1,224
CMSC320,INTRO TO DATA SCIENCE,"Dickerson, J.",Fall 2019,0101,863,1,298
CMSC320,INTRO TO DATA SCIENCE,"Dickerson, J.",Fall 2020,0101,863,1,248
CMSC320,INTRO TO DATA SCIENCE,"Dickerson, J.",Spring 2017,0101,863,1,84
CMSC320,INTRO TO DATA SCIENCE,"Saggar, P.",Fall 2018,0101,863,1,224
CMSC320,INTRO TO DATA SCIENCE,"Teli, M.",Fall 2020,0201,863,1,138
CMSC320,INTRO TO DATA SCIENCE,"Teli, M.",Sum I 2019,0101,863,1,33
CMSC320,INTRO TO DATA SCIENCE,"Yoo, K.",Sum I 2020,0101,863,1,44
CMSC330,ORGNZTN PROGM LANG,"Ai, N.",Spring 2016,0101,863,1,85
CMSC330,ORGNZTN PROGM LANG,"Ai, N.",Spring 2016,0201,863,1,127
CMSC330,ORGNZTN PROGM LANG,"Ai, N.",Spring 2016,0301,863,1,113
CMSC330,ORGNZTN PROGM LANG,"Ai, N.",Sum I 2016,0101,863,1,64
CMSC330,ORGNZTN PROGM LANG,"Eastman, R.",Fall 2018,0301,863,1,115
CMSC330,ORGNZTN PROGM LANG,"Eastman, R.",Fall 2019,0201,863,1,287
CMSC330,ORGNZTN PROGM LANG,"Eastman, R.",Spring 2019,0201,863,1,245
CMSC330,ORGNZTN PROGM LANG,"Eastman, R.",Spring 2020,0201,863,1,298
CMSC330,ORGNZTN PROGM LANG,"Foster, J.",Fall 2017,0401,863,1,141
CMSC330,ORGNZTN PROGM LANG,"Gilray, T.",Spring 2018,0201,863,1,128
CMSC330,ORGNZTN PROGM LANG,"Hicks, M.",Spring 2017,0101,863,1,87
CMSC330,ORGNZTN PROGM LANG,"Hicks, M.",Spring 2017,0201,863,1,128
CMSC330,ORGNZTN PROGM LANG,"Hicks, M.",Spring 2018,0101,863,1,139
CMSC330,ORGNZTN PROGM LANG,"Hicks, M.",Spring 2019,0101,863,1,142
CMSC330,ORGNZTN PROGM LANG,"Mamat, A.",Fall 2016,0101,863,1,291
CMSC330,ORGNZTN PROGM LANG,"Mamat, A.",Fall 2016,0301,863,1,144
CMSC330,ORGNZTN PROGM LANG,"Mamat, A.",Fall 2017,0101,863,1,227
CMSC330,ORGNZTN PROGM LANG,"Mamat, A.",Fall 2017,0301,863,1,128
CMSC330,ORGNZTN PROGM LANG,"Mamat, A.",Fall 2018,0101,863,1,249
CMSC330,ORGNZTN PROGM LANG,"Mamat, A.",Fall 2018,0401,863,1,139
CMSC330,ORGNZTN PROGM LANG,"Mamat, A.",Fall 2019,0101,863,1,284
CMSC330,ORGNZTN PROGM LANG,"Mamat, A.",Fall 2020,0101,863,1,276
CMSC330,ORGNZTN PROGM LANG,"Mamat, A.",Spring 2017,0301,863,1,124
CMSC330,ORGNZTN PROGM LANG,"Mamat, A.",Spring 2017,0401,863,1,81
CMSC330,ORGNZTN PROGM LANG,"Mamat, A.",Spring 2018,0301,863,1,203
CMSC330,ORGNZTN PROGM LANG,"Mamat, A.",Spring 2019,0301,863,1,137
CMSC330,ORGNZTN PROGM LANG,"Mamat, A.",Spring 2020,0101,863,1,325
CMSC330,ORGNZTN PROGM LANG,"Mamat, A.",Sum I 2017,0101,863,1,60
CMSC330,ORGNZTN PROGM LANG,"Mamat, A.",Sum I 2018,0101,863,1,67
CMSC330,ORGNZTN PROGM LANG,"Mamat, A.",Sum I 2019,0101,863,1,77
CMSC330,ORGNZTN PROGM LANG,"Mamat, A.",Sum I 2020,0101,863,1,82
CMSC330,ORGNZTN PROGM LANG,"Van Horn, D.",Fall 2020,0201,863,1,274
CMSC330,ORGNZTN PROGM LANG,"Vazou, N.",Spring 2018,0201,863,1,128
CMSC351,ALGORITHMS,"Elman, H.",Spring 2017,0401,863,1,91
CMSC351,ALGORITHMS,"Golub, E.",Spring 2016,0201,863,1,87
CMSC351,ALGORITHMS,"Golub, E.",Spring 2016,0301,863,1,133
CMSC351,ALGORITHMS,"Golub, E.",Spring 2018,0301,863,1,132
CMSC351,ALGORITHMS,"Golub, E.",Spring 2018,0401,863,1,132
CMSC351,ALGORITHMS,"Hajiaghayi, M.",Fall 2017,0301,863,1,128
CMSC351,ALGORITHMS,"Kruskal, C.",Fall 2016,0101,863,1,137
CMSC351,ALGORITHMS,"Kruskal, C.",Fall 2016,0201,863,1,160
CMSC351,ALGORITHMS,"Kruskal, C.",Fall 2016,0301,863,1,144
CMSC351,ALGORITHMS,"Kruskal, C.",Fall 2017,0101,863,1,128
CMSC351,ALGORITHMS,"Kruskal, C.",Fall 2017,0201,863,1,139
CMSC351,ALGORITHMS,"Kruskal, C.",Fall 2017,0401,863,1,126
CMSC351,ALGORITHMS,"Kruskal, C.",Fall 2018,0301,863,1,128
CMSC351,ALGORITHMS,"Kruskal, C.",Fall 2018,0401,863,1,137
CMSC351,ALGORITHMS,"Kruskal, C.",Fall 2019,0201,863,1,223
CMSC351,ALGORITHMS,"Kruskal, C.",Fall 2019,0301,863,1,126
CMSC351,ALGORITHMS,"Kruskal, C.",Fall 2020,0101,863,1,258
CMSC351,ALGORITHMS,"Kruskal, C.",Fall 2020,0201,863,1,175
CMSC351,ALGORITHMS,"Kruskal, C.",Spring 2016,0101,863,1,132
CMSC351,ALGORITHMS,"Kruskal, C.",Spring 2017,0101,863,1,119
CMSC351,ALGORITHMS,"Kruskal, C.",Spring 2017,0201,863,1,97
CMSC351,ALGORITHMS,"Kruskal, C.",Spring 2017,0301,863,1,119
CMSC351,ALGORITHMS,"Kruskal, C.",Spring 2018,0101,863,1,134
CMSC351,ALGORITHMS,"Kruskal, C.",Spring 2018,0201,863,1,132
CMSC351,ALGORITHMS,"Kruskal, C.",Spring 2019,0101,863,1,136
CMSC351,ALGORITHMS,"Kruskal, C.",Spring 2019,0401,863,1,188
CMSC351,ALGORITHMS,"Kruskal, C.",Spring 2020,0101,863,1,297
CMSC351,ALGORITHMS,"Kruskal, C.",Spring 2020,0301,863,1,142
CMSC351,ALGORITHMS,"Kruskal, C.",Sum I 2016,0101,863,1,62
CMSC351,ALGORITHMS,"Kruskal, C.",Sum I 2017,0101,863,1,63
CMSC351,ALGORITHMS,"Kruskal, C.",Sum I 2018,0101,863,1,74
CMSC351,ALGORITHMS,"Kruskal, C.",Sum I 2019,0101,863,1,54
CMSC351,ALGORITHMS,"Kruskal, C.",Sum I 2020,0101,863,1,68
CMSC351,ALGORITHMS,"Teli, M.",Fall 2018,0101,863,1,138
CMSC351,ALGORITHMS,"Teli, M.",Fall 2018,0201,863,1,149
CMSC351,ALGORITHMS,"Teli, M.",Fall 2019,0101,863,1,259
CMSC351,ALGORITHMS,"Teli, M.",Fall 2020,0301,863,1,119
CMSC351,ALGORITHMS,"Teli, M.",Spring 2019,0201,863,1,138
CMSC351,ALGORITHMS,"Teli, M.",Spring 2019,0301,863,1,136
CMSC351,ALGORITHMS,"Teli, M.",Spring 2020,0201,863,1,289
CMSC351H,ALGORITHMS,"Hajiaghayi, M.",Spring 2019,0101,863,1,21
CMSC388A,INTRO FRNT END CLNT DEV,"Hicks, M.",Winter 2019,0101,863,1,77
CMSC388A,INTRO FRNT END CLNT DEV,"Hicks, M.",Winter 2020,0101,863,1,72
CMSC388A,INTRO FRNT END CLNT DEV,"Mamat, A.",Winter 2021,WB11,863,1,105
CMSC388B,INTRO BACK END APP DEV,"Hicks, M.",Winter 2019,0101,863,1,66
CMSC388B,INTRO BACK END APP DEV,"Hicks, M.",Winter 2020,0101,863,1,56
CMSC388B,INTRO BACK END APP DEV,"Mamat, A.",Winter 2021,WB11,863,1,104
CMSC388C,RBTC PRCSS AUTOMATION,"Mamat, A.",Winter 2019,0101,863,1,39
CMSC388D,2D GAME ENGINE DESIGN,"Mount, D.",Fall 2019,0101,863,1,29
CMSC388D,2D GAME ENGINE DESIGN,"Mount, D.",Spring 2019,0101,863,1,28
CMSC388E,ARTS AND TECH,"Eastman, R.",Spring 2019,0101,863,1,33
CMSC388F,FUNCTIONAL PEARLS,"Van Horn, D.",Spring 2019,0101,863,1,23
CMSC388G,VIRTUAL REALITY GAME DEV,"Agrawala, A.",Spring 2019,0101,863,1,16
CMSC388I,WEBASSEMBLY OS,"Hicks, M.",Spring 2019,0101,863,1,26
CMSC388J,BLDG SECURE WEB APPLCTNS,"Marsh, M.",Fall 2019,0101,863,1,38
CMSC388J,BLDG SECURE WEB APPLCTNS,"Marsh, M.",Fall 2020,0101,863,1,39
CMSC388J,BLDG SECURE WEB APPLCTNS,"Marsh, M.",Spring 2020,0101,863,1,32
CMSC388L,READINGS IN HCI RESEARCH,"Golub, E.",Fall 2019,0101,863,1,30
CMSC388L,READINGS IN HCI RESEARCH,"Golub, E.",Spring 2020,0101,863,1,30
CMSC388M,INTRO TO MOBILE XR,"Eastman, R.",Fall 2019,0101,863,1,31
CMSC388M,INTRO TO MOBILE XR,"Eastman, R.",Spring 2020,0101,863,1,30
CMSC388N,BUILD IT BREAK IT,"Hicks, M.",Winter 2020,0101,863,1,25
CMSC388N,BUILD IT BREAK IT,"Mazurek, M.",Winter 2020,0101,863,1,25
CMSC388N,BUILD IT BREAK IT,"Votipka, D.",Winter 2020,0101,863,1,25
CMSC388O,XPLTFRM MOBILE DEV,"Hicks, M.",Winter 2020,0101,863,1,41
CMSC388Q,FNCTNL PRGRMNG IN RACKET,"Van Horn, D.",Winter 2021,WB11,863,1,29
CMSC388T,"GIT,GITHUB & PRJ TOOLS","Mamat, A.",Winter 2021,WB11,863,1,40
CMSC389A,LAW & COMPUTER SCIENCE,"Spring, N.",Fall 2020,0101,863,1,16
CMSC389A,PRACTICAL DEEP LEARNING,"Boyd-Graber Ying, J.",Spring 2018,0101,863,1,29
CMSC389B,TOUR OF PRGRMMNG LANG,"Van Horn, D.",Fall 2020,0101,863,1,32
CMSC389B,WHEN CMPTRS MEET BIOLOGY,"Pop, M.",Winter 2016,0101,863,1,60
CMSC389B,WHEN CMPTRS MEET BIOLOGY,"Ruppin, E.",Winter 2016,0101,863,1,60
CMSC389B,WHEN CMPTRS MEET BIOLOGY,"Ruppin, E.",Winter 2017,0101,863,1,50
CMSC389C,BITCOIN & CRYPTOCURRENCY,"Katz, J.",Fall 2018,0101,863,1,27
CMSC389C,BITCOIN & OTHER CRYPTO,"Katz, J.",Spring 2019,0101,863,1,26
CMSC389C,BTCOIN & OTHR CRYPTOCRRN,"Katz, J.",Spring 2018,0101,863,1,30
CMSC389D,INTRO TO CRYPTOGRAPHY,"Gasarch, W.",Winter 2018,0101,863,1,59
CMSC389E,DGTL LOG DSGN MINECRAFT,"Brassel, A.",Spring 2020,0101,863,1,30
CMSC389E,DGTL LOGC DSGN MINECRAFT,"Mamat, A.",Fall 2020,0101,863,1,30
CMSC389E,DIG LOG DESIGN MINECRAFT,"Filippou, I.",Fall 2018,0101,863,1,16
CMSC389E,DIGTL LOGIC DSGN MNCRAFT,"Filippou, I.",Spring 2018,0101,863,1,29
CMSC389E,SP TPCS IN COMP SCI,"Filippou, I.",Spring 2019,0101,863,1,34
CMSC389F,REINFORCE LEARNING,"Reggia, J.",Fall 2018,0101,863,1,21
CMSC389F,REINFORCEMENT LEARNING,"Reggia, J.",Spring 2018,0101,863,1,29
CMSC389I,DISRUPTING HEALTHCARE,"Leiserson, M.",Fall 2018,0101,863,1,23
CMSC389J,INTR REVERSE ENGINEERING,"Katz, J.",Spring 2019,0101,863,1,18
CMSC389J,INTRO ADV JAVASCRIPT,"Padua-Perez, N.",Winter 2016,0101,863,1,94
CMSC389J,INTRO ADV JAVASCRIPT,"Padua-Perez, N.",Winter 2017,0101,863,1,102
CMSC389J,INTRO ADV JAVASCRIPT,"Padua-Perez, N.",Winter 2018,0101,863,1,98
CMSC389K,FULL STK WEB DEV-NODE.JS,"Dickerson, J.",Fall 2017,0101,863,1,30
CMSC389K,FULL STK WEB DEV-NODE.JS,"Dickerson, J.",Spring 2018,0101,863,1,30
CMSC389K,FULL-STACK WEB DEV,"Dickerson, J.",Fall 2019,0101,863,1,34
CMSC389K,FULL-STACK WEB DEV,"Dickerson, J.",Fall 2019,0201,863,1,30
CMSC389K,FULL-STACK WEB DEV,"Dickerson, J.",Spring 2019,0101,863,1,30
CMSC389K,FULL-STACK WEB DEV,"Dickerson, J.",Spring 2019,0201,863,1,32
CMSC389K,FULL-STACK WEB DEV,"Dickerson, J.",Spring 2020,0101,863,1,35
CMSC389K,FULL-STACK WEB DEV,"Dickerson, J.",Spring 2020,0201,863,1,33
CMSC389K,FULL-STACK WEB DEVELOP,"Dickerson, J.",Fall 2018,0101,863,1,29
CMSC389K,WEB DEV WITH NODE.JS,"Padua-Perez, N.",Spring 2017,0101,863,1,30
CMSC389L,PRAC CLOUD COMPUTING,"Spring, N.",Spring 2018,0101,863,1,30
CMSC389L,PRACTL CLOUD COMP W/AWS,"Spring, N.",Fall 2017,0101,863,1,26
CMSC389N,INTRO PHP & JAVASCRIPT,"Hicks, M.",Sum I 2018,0101,863,1,21
CMSC389N,INTRO PHP & JAVASCRIPT,"Hicks, M.",Sum I 2019,0101,863,1,33
CMSC389N,INTRO PHP & JAVASCRIPT,"Mamat, A.",Sum I 2020,0101,863,1,59
CMSC389N,INTRO TO PHP & JAVA,"Padua-Perez, N.",Sum I 2016,0101,863,1,40
CMSC389N,INTRO TO PHP & JAVA,"Padua-Perez, N.",Sum I 2017,0101,863,1,49
CMSC389N,INTRO TO PHP & JAVASCRPT,"Johnson, R.",Fall 2018,0101,863,1,115
CMSC389N,INTRO TO PHP & JAVASCRPT,"Padua-Perez, N.",Fall 2017,0101,863,1,78
CMSC389N,INTRO TO PHP & JAVASCRPT,"Yoon, I.",Fall 2019,0101,863,1,117
CMSC389N,INTRO TO PHP & JAVASCRPT,"Yoon, I.",Fall 2020,0101,863,1,117
CMSC389N,INTRO TO PHP & JSCRPT,"Gonzalez, E.",Spring 2020,0101,863,1,96
CMSC389N,INTRO TO PHP & JSCRPT,"Hicks, M.",Spring 2019,0101,863,1,130
CMSC389N,INTRO TO PHP & JSCRPT,"Padua-Perez, N.",Spring 2017,0101,863,1,101
CMSC389N,INTRO TO PHP & JSCRPT,"Padua-Perez, N.",Spring 2018,0101,863,1,128
CMSC389O,THE CODING INTERVIEW,"Goldstein, T.",Fall 2018,0101,863,1,30
CMSC389O,THE CODING INTERVIEW,"Goldstein, T.",Fall 2018,0201,863,1,30
CMSC389O,THE CODING INTERVIEW,"Goldstein, T.",Fall 2018,0301,863,1,30
CMSC389O,THE CODING INTERVIEW,"Goldstein, T.",Fall 2019,0101,863,1,30
CMSC389O,THE CODING INTERVIEW,"Goldstein, T.",Fall 2019,0201,863,1,30
CMSC389O,THE CODING INTERVIEW,"Goldstein, T.",Fall 2019,0301,863,1,30
CMSC389O,THE CODING INTERVIEW,"Goldstein, T.",Fall 2020,0101,863,1,30
CMSC389O,THE CODING INTERVIEW,"Goldstein, T.",Fall 2020,0201,863,1,30
CMSC389O,THE CODING INTERVIEW,"Goldstein, T.",Fall 2020,0301,863,1,30
CMSC389O,THE CODING INTERVIEW,"Goldstein, T.",Fall 2020,0401,863,1,30
CMSC389O,THE CODING INTERVIEW,"Goldstein, T.",Spring 2018,0101,863,1,29
CMSC389O,THE CODING INTERVIEW,"Goldstein, T.",Spring 2019,0101,863,1,30
CMSC389O,THE CODING INTERVIEW,"Goldstein, T.",Spring 2019,0201,863,1,30
CMSC389O,THE CODING INTERVIEW,"Goldstein, T.",Spring 2019,0301,863,1,30
CMSC389O,THE CODING INTERVIEW,"Goldstein, T.",Spring 2019,0401,863,1,29
CMSC389O,THE CODING INTERVIEW,"Goldstein, T.",Spring 2020,0101,863,1,30
CMSC389O,THE CODING INTERVIEW,"Goldstein, T.",Spring 2020,0201,863,1,30
CMSC389O,THE CODING INTERVIEW,"Goldstein, T.",Spring 2020,0301,863,1,30
CMSC389O,THE CODING INTERVIEW,"Goldstein, T.",Spring 2020,0401,863,1,30
CMSC389O,THE CODING INTERVIEW,"Goldstein, T.",Spring 2020,0501,863,1,30
CMSC389O,THE CODING INTERVIEW,"Levin, D.",Fall 2017,0101,863,1,25
CMSC389P,INTRO PHP MYSQL & APACHE,"Padua-Perez, N.",Winter 2016,0101,863,1,94
CMSC389P,INTRO PHP MYSQL & APACHE,"Padua-Perez, N.",Winter 2017,0101,863,1,104
CMSC389P,INTRO PHP MYSQL & APACHE,"Padua-Perez, N.",Winter 2018,0101,863,1,95
CMSC389P,MASTRNG PM INTERVIEW,"Mazurek, M.",Fall 2020,0101,863,1,30
CMSC389Q,IOS APP DEVELOPMENT,"Spring, N.",Fall 2018,0101,863,1,28
CMSC389R,INTRO ETHICAL HACKING,"Levin, D.",Fall 2018,0101,863,1,29
CMSC389R,INTRO ETHICAL HACKING,"Levin, D.",Fall 2018,0201,863,1,29
CMSC389R,INTRO TO ETHICAL HACKING,"Levin, D.",Fall 2019,0101,863,1,35
CMSC389R,INTRO TO ETHICAL HACKING,"Levin, D.",Spring 2018,0101,863,1,29
CMSC389R,INTRO TO ETHICAL HACKING,"Levin, D.",Spring 2019,0101,863,1,24
CMSC389R,INTRO TO ETHICAL HACKING,"Levin, D.",Spring 2019,0201,863,1,23
CMSC389T,ADV DISCRETE STRUCTURES,"Gasarch, W.",Winter 2016,0101,863,1,26
CMSC389T,ADV DISCRETE STRUCTURES,"Gasarch, W.",Winter 2017,0101,863,1,46
CMSC389U,INTR DEV AR APP W/HOLOLN,"Zwicker, M.",Spring 2019,0101,863,1,16
CMSC389U,INTRO DEVELOP AR APP,"Zwicker, M.",Fall 2018,0101,863,1,17
CMSC389V,ARTIFCL INTELLGNCE ETHCS,"Dickerson, J.",Fall 2020,0101,863,1,33
CMSC389V,ARTIFCL INTELLGNCE ETHCS,"Dickerson, J.",Spring 2020,0101,863,1,30
CMSC389W,STIC:VISUAL THROUGH MATH,"Filippou, I.",Spring 2020,0101,863,1,29
CMSC389W,VISUALIZE MATHEMATICA,"Filippou, I.",Fall 2019,0101,863,1,21
CMSC389W,VISUALIZE MATHEMATICA,"Sadeghian, P.",Fall 2020,0101,863,1,30
CMSC389Y,PRACT METH SLF DRIV CARS,"Davis, L.",Fall 2018,0101,863,1,12
CMSC396H,HONORS SEMINAR,"Battle, L.",Fall 2020,0101,863,1,45
CMSC396H,HONORS SEMINAR,"Hicks, M.",Fall 2016,0101,863,1,14
CMSC396H,HONORS SEMINAR,"Levin, D.",Fall 2017,0101,863,1,33
CMSC396H,HONORS SEMINAR,"Levin, D.",Fall 2018,0101,863,1,25
CMSC396H,HONORS SEMINAR,"Levin, D.",Fall 2019,0101,863,1,27
CMSC396H,HONORS SEMINAR,"Levin, D.",Fall 2020,0101,863,1,45
CMSC396H,HONORS SEMINAR,"Levin, D.",Spring 2016,0101,863,1,24
CMSC396H,HONORS SEMINAR,"Levin, D.",Spring 2017,0101,863,1,10
CMSC396H,HONORS SEMINAR,"Levin, D.",Spring 2018,0101,863,1,32
CMSC396H,HONORS SEMINAR,"Levin, D.",Spring 2019,0101,863,1,28
CMSC396H,HONORS SEMINAR,"Levin, D.",Spring 2020,0101,863,1,17
CMSC411,SYSTM ARCHITECTURE,"Hugue, M.",Fall 2016,0101,863,1,87
CMSC411,SYSTM ARCHITECTURE,"Hugue, M.",Fall 2017,0101,863,1,88
CMSC411,SYSTM ARCHITECTURE,"Hugue, M.",Fall 2018,0101,863,1,53
CMSC411,SYSTM ARCHITECTURE,"Hugue, M.",Fall 2018,0201,863,1,88
CMSC411,SYSTM ARCHITECTURE,"Hugue, M.",Fall 2019,0101,863,1,176
CMSC411,SYSTM ARCHITECTURE,"Hugue, M.",Fall 2020,0101,863,1,176
CMSC411,SYSTM ARCHITECTURE,"Hugue, M.",Spring 2016,0101,863,1,54
CMSC411,SYSTM ARCHITECTURE,"Hugue, M.",Spring 2016,0201,863,1,53
CMSC411,SYSTM ARCHITECTURE,"Hugue, M.",Spring 2017,0101,863,1,50
CMSC411,SYSTM ARCHITECTURE,"Hugue, M.",Spring 2017,0201,863,1,83
CMSC411,SYSTM ARCHITECTURE,"Hugue, M.",Spring 2018,0101,863,1,87
CMSC411,SYSTM ARCHITECTURE,"Hugue, M.",Spring 2019,0101,863,1,86
CMSC411,SYSTM ARCHITECTURE,"Hugue, M.",Spring 2019,0201,863,1,87
CMSC411,SYSTM ARCHITECTURE,"Hugue, M.",Spring 2020,0101,863,1,185
CMSC411,SYSTM ARCHITECTURE,"Hugue, M.",Sum II 2016,0201,863,1,46
CMSC411,SYSTM ARCHITECTURE,"Hugue, M.",Sum II 2017,0201,863,1,72
CMSC411,SYSTM ARCHITECTURE,"Yoon, I.",Spring 2018,0201,863,1,47
CMSC411,SYSTM ARCHITECTURE,"Yoon, I.",Spring 2019,0301,863,1,40
CMSC411,SYSTM ARCHITECTURE,"Yoon, I.",Sum II 2018,0201,863,1,68
CMSC411,SYSTM ARCHITECTURE,"Yoon, I.",Sum II 2019,0201,863,1,52
CMSC411,SYSTM ARCHITECTURE,"Yoon, I.",Sum II 2020,0201,863,1,72
CMSC412,OPERATING SYSTEMS,"Agrawala, A.",Fall 2019,0101,863,1,56
CMSC412,OPERATING SYSTEMS,"Agrawala, A.",Fall 2020,0101,863,1,79
CMSC412,OPERATING SYSTEMS,"Agrawala, A.",Spring 2019,0101,863,1,64
CMSC412,OPERATING SYSTEMS,"Agrawala, A.",Spring 2020,0101,863,1,54
CMSC412,OPERATING SYSTEMS,"Hollingsworth, J.",Spring 2016,0101,863,1,48
CMSC412,OPERATING SYSTEMS,"Hollingsworth, J.",Spring 2017,0101,863,1,37
CMSC412,OPERATING SYSTEMS,"Shankar, A.",Fall 2018,0101,863,1,41
CMSC412,OPERATING SYSTEMS,"Shankar, A.",Spring 2018,0101,863,1,41
CMSC412,OPERATING SYSTEMS,"Spring, N.",Fall 2016,0101,863,1,49
CMSC412,OPERATING SYSTEMS,"Spring, N.",Fall 2017,0101,863,1,51
CMSC414,CMPTR & NETWORK SECURITY,"Levin, D.",Fall 2020,0201,863,1,109
CMSC414,CMPTR & NETWORK SECURITY,"Levin, D.",Spring 2016,0101,863,1,88
CMSC414,CMPTR & NETWORK SECURITY,"Levin, D.",Spring 2018,0101,863,1,156
CMSC414,CMPTR & NETWORK SECURITY,"Levin, D.",Spring 2019,0101,863,1,87
CMSC414,CMPTR & NETWORK SECURITY,"Levin, D.",Spring 2019,0201,863,1,116
CMSC414,CMPTR & NETWORK SECURITY,"Levin, D.",Spring 2020,0201,863,1,99
CMSC414,CMPTR & NETWORK SECURITY,"Marsh, M.",Fall 2017,0101,863,1,76
CMSC414,CMPTR & NETWORK SECURITY,"Marsh, M.",Fall 2017,0301,863,1,77
CMSC414,CMPTR & NETWORK SECURITY,"Marsh, M.",Fall 2018,0101,863,1,114
CMSC414,CMPTR & NETWORK SECURITY,"Marsh, M.",Fall 2019,0101,863,1,69
CMSC414,CMPTR & NETWORK SECURITY,"Marsh, M.",Fall 2019,0201,863,1,55
CMSC414,CMPTR & NETWORK SECURITY,"Marsh, M.",Fall 2020,0101,863,1,101
CMSC414,CMPTR & NETWORK SECURITY,"Marsh, M.",Spring 2018,0201,863,1,81
CMSC414,CMPTR & NETWORK SECURITY,"Marsh, M.",Spring 2020,0101,863,1,93
CMSC414,CMPTR & NETWORK SECURITY,"Mazurek, M.",Fall 2016,0201,863,1,87
CMSC414,CMPTR & NETWORK SECURITY,"Mazurek, M.",Fall 2017,0201,863,1,85
CMSC414,CMPTR & NETWORK SECURITY,"Mazurek, M.",Spring 2019,0101,863,1,87
CMSC414,CMPTR & NETWORK SECURITY,"Mazurek, M.",Spring 2019,0201,863,1,116
CMSC414,CMPTR & NETWORK SECURITY,"Shankar, A.",Spring 2017,0101,863,1,83
CMSC414,CMPTR & NETWORK SECURITY,"Shankar, A.",Spring 2017,0201,863,1,52
CMSC417,COMPUTER NETWORKS,"Agrawala, A.",Fall 2016,0101,863,1,83
CMSC417,COMPUTER NETWORKS,"Agrawala, A.",Fall 2017,0101,863,1,68
CMSC417,COMPUTER NETWORKS,"Agrawala, A.",Fall 2018,0201,863,1,52
CMSC417,COMPUTER NETWORKS,"Bhattacharjee, S.",Fall 2017,0201,863,1,33
CMSC417,COMPUTER NETWORKS,"Bhattacharjee, S.",Fall 2019,0101,863,1,66
CMSC417,COMPUTER NETWORKS,"Bhattacharjee, S.",Fall 2020,0101,863,1,83
CMSC417,COMPUTER NETWORKS,"Bhattacharjee, S.",Spring 2017,0101,863,1,48
CMSC417,COMPUTER NETWORKS,"Dixon, C.",Spring 2016,0101,863,1,59
CMSC417,COMPUTER NETWORKS,"Marsh, M.",Fall 2018,0101,863,1,76
CMSC417,COMPUTER NETWORKS,"Marsh, M.",Spring 2017,0201,863,1,46
CMSC417,COMPUTER NETWORKS,"Marsh, M.",Spring 2018,0201,863,1,79
CMSC417,COMPUTER NETWORKS,"Marsh, M.",Spring 2019,0101,863,1,91
CMSC417,COMPUTER NETWORKS,"Roy, N.",Spring 2020,0101,863,1,126
CMSC420,ADV DATA STRUCTURES,"Filippou, I.",Fall 2019,0101,863,1,143
CMSC420,ADV DATA STRUCTURES,"Marsh, M.",Fall 2020,0101,863,1,151
CMSC420,ADV DATA STRUCTURES,"Marsh, M.",Spring 2020,0101,863,1,168
CMSC420,ADV DATA STRUCTURES,"Marsh, M.",Spring 2020,0301,863,1,140
CMSC420,ADV DATA STRUCTURES,"Marsh, M.",Sum I 2020,0101,863,1,113
CMSC420,ADV DATA STRUCTURES,"Mount, D.",Fall 2019,0201,863,1,139
CMSC420,ADV DATA STRUCTURES,"Mount, D.",Fall 2020,0201,863,1,170
CMSC420,ADV DATA STRUCTURES,"Samet, H.",Fall 2019,0301,863,1,19
CMSC420,ADV DATA STRUCTURES,"Samet, H.",Fall 2020,0301,863,1,47
CMSC420,DATA STRUCTURES,"Davis, L.",Spring 2016,0201,863,1,85
CMSC420,DATA STRUCTURES,"Davis, L.",Spring 2017,0201,863,1,51
CMSC420,DATA STRUCTURES,"Filippou, I.",Fall 2018,0201,863,1,200
CMSC420,DATA STRUCTURES,"Filippou, I.",Spring 2018,0301,863,1,139
CMSC420,DATA STRUCTURES,"Filippou, I.",Spring 2019,0101,863,1,238
CMSC420,DATA STRUCTURES,"Filippou, I.",Sum I 2017,0102,863,1,29
CMSC420,DATA STRUCTURES,"Hugue, M.",Fall 2016,0101,863,1,84
CMSC420,DATA STRUCTURES,"Hugue, M.",Fall 2016,0201,863,1,53
CMSC420,DATA STRUCTURES,"Hugue, M.",Fall 2017,0101,863,1,85
CMSC420,DATA STRUCTURES,"Hugue, M.",Fall 2017,0201,863,1,51
CMSC420,DATA STRUCTURES,"Hugue, M.",Fall 2018,0101,863,1,84
CMSC420,DATA STRUCTURES,"Hugue, M.",Spring 2016,0101,863,1,80
CMSC420,DATA STRUCTURES,"Hugue, M.",Spring 2017,0101,863,1,86
CMSC420,DATA STRUCTURES,"Hugue, M.",Spring 2018,0101,863,1,84
CMSC420,DATA STRUCTURES,"Hugue, M.",Spring 2018,0201,863,1,86
CMSC420,DATA STRUCTURES,"Hugue, M.",Spring 2019,0201,863,1,81
CMSC420,DATA STRUCTURES,"Hugue, M.",Sum I 2016,0101,863,1,59
CMSC420,DATA STRUCTURES,"Hugue, M.",Sum I 2017,0101,863,1,56
CMSC420,DATA STRUCTURES,"Hugue, M.",Sum I 2018,0101,863,1,73
CMSC420,DATA STRUCTURES,"Hugue, M.",Sum I 2019,0101,863,1,67
CMSC420,DATA STRUCTURES,"Samet, H.",Fall 2016,0301,863,1,43
CMSC420,DATA STRUCTURES,"Samet, H.",Fall 2017,0301,863,1,44
CMSC420,DATA STRUCTURES,"Samet, H.",Fall 2018,0301,863,1,38
CMSC420,DATA STRUCTURES,"Subrahmanian, V.",Spring 2017,0301,863,1,85
CMSC421,INTRO ARTIFICIAL INTELLI,"Brule, J.",Sum I 2017,0101,863,1,27
CMSC421,INTRO ARTIFICIAL INTELLI,"Brule, J.",Sum I 2018,0101,863,1,48
CMSC421,INTRO ARTIFICIAL INTELLI,"Daume, H.",Fall 2016,0101,863,1,90
CMSC421,INTRO ARTIFICIAL INTELLI,"Nau, D.",Fall 2017,0101,863,1,85
CMSC421,INTRO ARTIFICIAL INTELLI,"Nau, D.",Fall 2018,0101,863,1,83
CMSC421,INTRO ARTIFICIAL INTELLI,"Nau, D.",Fall 2019,0101,863,1,90
CMSC421,INTRO ARTIFICIAL INTELLI,"Perlis, D.",Spring 2016,0101,863,1,86
CMSC421,INTRO ARTIFICIAL INTELLI,"Perlis, D.",Spring 2017,0101,863,1,85
CMSC421,INTRO ARTIFICIAL INTELLI,"Perlis, D.",Spring 2018,0101,863,1,50
CMSC421,INTRO ARTIFICIAL INTELLI,"Perlis, D.",Spring 2019,0101,863,1,113
CMSC421,INTRO ARTIFICIAL INTELLI,"Reggia, J.",Spring 2018,0201,863,1,83
CMSC421,INTRO ARTIFICIAL INTELLI,"Regli, W.",Fall 2020,0101,863,1,143
CMSC421,INTRO ARTIFICIAL INTELLI,"Tokekar, P.",Spring 2020,0101,863,1,95
CMSC422,INTRO MACHINE LEARNING,"Carpuat, M.",Spring 2016,0101,863,1,75
CMSC422,INTRO MACHINE LEARNING,"Carpuat, M.",Spring 2017,0101,863,1,86
CMSC422,INTRO MACHINE LEARNING,"Carpuat, M.",Spring 2018,0101,863,1,87
CMSC422,INTRO MACHINE LEARNING,"Duraiswami, R.",Fall 2019,0201,863,1,94
CMSC422,INTRO MACHINE LEARNING,"Duraiswami, R.",Fall 2020,0201,863,1,95
CMSC422,INTRO MACHINE LEARNING,"Duraiswami, R.",Spring 2017,0201,863,1,40
CMSC422,INTRO MACHINE LEARNING,"Feizi-Khankandi, S.",Spring 2019,0101,863,1,64
CMSC422,INTRO MACHINE LEARNING,"Feizi-Khankandi, S.",Spring 2020,0201,863,1,95
CMSC422,INTRO MACHINE LEARNING,"Huang, F.",Spring 2018,0201,863,1,88
CMSC422,INTRO MACHINE LEARNING,"Jacobs, D.",Fall 2017,0201,863,1,88
CMSC422,INTRO MACHINE LEARNING,"Jacobs, D.",Fall 2019,0101,863,1,82
CMSC422,INTRO MACHINE LEARNING,"Jacobs, D.",Fall 2020,0101,863,1,94
CMSC422,INTRO MACHINE LEARNING,"Reggia, J.",Fall 2017,0101,863,1,88
CMSC422,INTRO MACHINE LEARNING,"Reggia, J.",Spring 2019,0201,863,1,79
CMSC422,INTRO MACHINE LEARNING,"Reggia, J.",Spring 2020,0101,863,1,101
CMSC422,INTRO MACHINE LEARNING,"Regli, W.",Fall 2018,0201,863,1,70
CMSC422,INTRO MACHINE LEARNING,"Subrahmanian, V.",Fall 2016,0101,863,1,85
CMSC423,"BIOINFO ALGS, DB, TOOLS","Corrada Bravo, H.",Spring 2017,0101,863,1,49
CMSC423,"BIOINFO ALGS, DB, TOOLS","Leiserson, M.",Spring 2018,0101,863,1,66
CMSC423,"BIOINFO ALGS, DB, TOOLS","Leiserson, M.",Spring 2019,0101,863,1,87
CMSC423,"BIOINFO ALGS, DB, TOOLS","Patro, R.",Spring 2020,0101,863,1,93
CMSC423,"BIOINFO ALGS, DB, TOOLS","Pop, M.",Fall 2016,0101,863,1,54
CMSC423,"BIOINFO ALGS, DB, TOOLS","Pop, M.",Fall 2017,0101,863,1,78
CMSC423,"BIOINFO ALGS, DB, TOOLS","Pop, M.",Fall 2018,0101,863,1,89
CMSC423,"BIOINFO ALGS, DB, TOOLS","Pop, M.",Fall 2019,0101,863,1,95
CMSC423,"BIOINFO ALGS, DB, TOOLS","Pop, M.",Fall 2020,0101,863,1,82
CMSC424,DATABASE DESIGN,"Abadi, D.",Spring 2018,0101,863,1,174
CMSC424,DATABASE DESIGN,"Abadi, D.",Spring 2019,0101,863,1,94
CMSC424,DATABASE DESIGN,"Deshpande, A.",Fall 2016,0201,863,1,85
CMSC424,DATABASE DESIGN,"Deshpande, A.",Fall 2020,0101,863,1,164
CMSC424,DATABASE DESIGN,"Deshpande, A.",Spring 2020,0101,863,1,153
CMSC424,DATABASE DESIGN,"Keleher, P.",Fall 2017,0201,863,1,87
CMSC424,DATABASE DESIGN,"Keleher, P.",Fall 2019,0101,863,1,151
CMSC424,DATABASE DESIGN,"Keleher, P.",Spring 2017,0201,863,1,76
CMSC424,DATABASE DESIGN,"Roussopoulos, N.",Fall 2016,0101,863,1,74
CMSC424,DATABASE DESIGN,"Roussopoulos, N.",Fall 2017,0101,863,1,78
CMSC424,DATABASE DESIGN,"Roussopoulos, N.",Fall 2018,0101,863,1,74
CMSC424,DATABASE DESIGN,"Roussopoulos, N.",Spring 2016,0101,863,1,68
CMSC424,DATABASE DESIGN,"Roussopoulos, N.",Spring 2017,0101,863,1,39
CMSC425,GAME PROGRAMMING,"Eastman, R.",Fall 2019,0101,863,1,67
CMSC425,GAME PROGRAMMING,"Eastman, R.",Spring 2018,0201,863,1,28
CMSC425,GAME PROGRAMMING,"Eastman, R.",Spring 2019,0101,863,1,80
CMSC425,GAME PROGRAMMING,"Eastman, R.",Spring 2020,0101,863,1,90
CMSC425,GAME PROGRAMMING,"Miller, S.",Fall 2020,0101,863,1,85
CMSC425,GAME PROGRAMMING,"Mount, D.",Fall 2018,0101,863,1,84
CMSC425,GAME PROGRAMMING,"Mount, D.",Spring 2016,0101,863,1,52
CMSC425,GAME PROGRAMMING,"Mount, D.",Spring 2017,0101,863,1,50
CMSC425,GAME PROGRAMMING,"Mount, D.",Spring 2018,0101,863,1,50
CMSC426,COMPUTER VISION,"Aloimonos, J.",Fall 2018,0101,863,1,65
CMSC426,COMPUTER VISION,"Aloimonos, J.",Fall 2019,0101,863,1,77
CMSC426,COMPUTER VISION,"Aloimonos, J.",Fall 2020,0101,863,1,144
CMSC426,COMPUTER VISION,"Aloimonos, J.",Spring 2018,0101,863,1,67
CMSC426,COMPUTER VISION,"Castillo, C.",Fall 2018,0201,863,1,40
CMSC426,COMPUTER VISION,"Castillo, C.",Spring 2020,0101,863,1,85
CMSC426,COMPUTER VISION,"Fermuller, C.",Spring 2019,0101,863,1,41
CMSC426,COMPUTER VISION,"Teli, M.",Fall 2019,0201,863,1,44
CMSC426,COMPUTER VISION,"Teli, M.",Spring 2019,0101,863,1,41
CMSC426,COMPUTER VISION,"Teli, M.",Spring 2020,0201,863,1,47
CMSC426,IMAGE PROCESSING,"Aloimonos, J.",Fall 2016,0101,863,1,47
CMSC426,IMAGE PROCESSING,"Aloimonos, J.",Spring 2016,0101,863,1,36
CMSC426,IMAGE PROCESSING,"Davis, L.",Fall 2017,0101,863,1,52
CMSC426,IMAGE PROCESSING,"Jacobs, D.",Spring 2017,0101,863,1,42
CMSC427,COMPUTER GRAPHICS,"Eastman, R.",Fall 2017,0101,863,1,32
CMSC427,COMPUTER GRAPHICS,"Eastman, R.",Fall 2020,0101,863,1,49
CMSC427,COMPUTER GRAPHICS,"Khan, Z.",Spring 2017,0101,863,1,45
CMSC427,COMPUTER GRAPHICS,"Zwicker, M.",Fall 2018,0101,863,1,29
CMSC427,COMPUTER GRAPHICS,"Zwicker, M.",Fall 2019,0101,863,1,30
CMSC427,COMPUTER GRAPHICS,"Zwicker, M.",Spring 2018,0101,863,1,13
CMSC430,INTRO TO COMPILERS,"Calderon, J.",Fall 2020,0101,863,1,87
CMSC430,INTRO TO COMPILERS,"Foster, J.",Fall 2016,0101,863,1,52
CMSC430,INTRO TO COMPILERS,"Gilray, T.",Fall 2017,0101,863,1,49
CMSC430,INTRO TO COMPILERS,"Petroni, N.",Fall 2018,0201,863,1,53
CMSC430,INTRO TO COMPILERS,"Van Horn, D.",Fall 2019,0101,863,1,84
CMSC430,INTRO TO COMPILERS,"Van Horn, D.",Spring 2016,0101,863,1,48
CMSC430,INTRO TO COMPILERS,"Van Horn, D.",Spring 2017,0101,863,1,50
CMSC433,PROG LANG TECH & PDGMS,"Cleaveland, W.",Fall 2016,0101,863,1,88
CMSC433,PROG LANG TECH & PDGMS,"Cleaveland, W.",Fall 2017,0101,863,1,88
CMSC433,PROG LANG TECH & PDGMS,"Cleaveland, W.",Spring 2016,0101,863,1,80
CMSC433,PROG LANG TECH & PDGMS,"Cleaveland, W.",Spring 2017,0101,863,1,84
CMSC433,PROG LANG TECH & PDGMS,"Mamat, A.",Fall 2018,0101,863,1,167
CMSC433,PROG LANG TECH & PDGMS,"Mamat, A.",Fall 2019,0101,863,1,153
CMSC433,PROG LANG TECH & PDGMS,"Mamat, A.",Fall 2019,0201,863,1,51
CMSC433,PROG LANG TECH & PDGMS,"Mamat, A.",Fall 2020,0101,863,1,204
CMSC433,PROG LANG TECH & PDGMS,"Mamat, A.",Spring 2018,0101,863,1,155
CMSC433,PROG LANG TECH & PDGMS,"Mamat, A.",Spring 2019,0101,863,1,155
CMSC433,PROG LANG TECH & PDGMS,"Mamat, A.",Spring 2020,0101,863,1,152
CMSC433,PROG LANG TECH & PDGMS,"Marsh, M.",Fall 2019,0101,863,1,153
CMSC433,PROG LANG TECH & PDGMS,"Marsh, M.",Fall 2019,0201,863,1,51
CMSC433,PROG LANG TECH & PDGMS,"Marsh, M.",Spring 2019,0201,863,1,38
CMSC434,INTRO HMN-CMP INTERACTN,"Froehlich, J.",Fall 2016,0101,863,1,49
CMSC434,INTRO HMN-CMP INTERACTN,"Froehlich, J.",Spring 2016,0101,863,1,48
CMSC434,INTRO HMN-CMP INTERACTN,"Gilkeson, J.",Spring 2018,0101,863,1,45
CMSC434,INTRO HMN-CMP INTERACTN,"Gilkeson, J.",Spring 2020,0301,863,1,50
CMSC434,INTRO HMN-CMP INTERACTN,"Golub, E.",Fall 2018,0201,863,1,44
CMSC434,INTRO HMN-CMP INTERACTN,"Golub, E.",Fall 2020,0101,863,1,56
CMSC434,INTRO HMN-CMP INTERACTN,"Golub, E.",Fall 2020,0201,863,1,56
CMSC434,INTRO HMN-CMP INTERACTN,"Golub, E.",Spring 2017,0101,863,1,53
CMSC434,INTRO HMN-CMP INTERACTN,"Golub, E.",Spring 2017,0201,863,1,48
CMSC434,INTRO HMN-CMP INTERACTN,"Golub, E.",Spring 2018,0301,863,1,50
CMSC434,INTRO HMN-CMP INTERACTN,"Golub, E.",Spring 2019,0201,863,1,53
CMSC434,INTRO HMN-CMP INTERACTN,"Golub, E.",Spring 2019,0301,863,1,54
CMSC434,INTRO HMN-CMP INTERACTN,"Golub, E.",Spring 2020,0101,863,1,54
CMSC434,INTRO HMN-CMP INTERACTN,"Golub, E.",Spring 2020,0201,863,1,54
CMSC434,INTRO HMN-CMP INTERACTN,"Paul, C.",Fall 2017,0101,863,1,46
CMSC434,INTRO HMN-CMP INTERACTN,"Peng, H.",Fall 2019,0101,863,1,96
CMSC434,INTRO HMN-CMP INTERACTN,"Sazawal, V.",Fall 2018,0101,863,1,88
CMSC434,INTRO HMN-CMP INTERACTN,"Sazawal, V.",Spring 2018,0201,863,1,72
CMSC434,INTRO HMN-CMP INTERACTN,"Sazawal, V.",Spring 2019,0101,863,1,87
CMSC435,SOFTWARE ENGINEERING,"Purtilo, J.",Fall 2016,0101,863,1,50
CMSC435,SOFTWARE ENGINEERING,"Purtilo, J.",Fall 2017,0101,863,1,48
CMSC435,SOFTWARE ENGINEERING,"Purtilo, J.",Fall 2018,0101,863,1,47
CMSC435,SOFTWARE ENGINEERING,"Purtilo, J.",Fall 2019,0101,863,1,39
CMSC435,SOFTWARE ENGINEERING,"Purtilo, J.",Fall 2020,0101,863,1,45
CMSC435,SOFTWARE ENGINEERING,"Purtilo, J.",Spring 2016,0101,863,1,51
CMSC435,SOFTWARE ENGINEERING,"Purtilo, J.",Spring 2017,0101,863,1,47
CMSC435,SOFTWARE ENGINEERING,"Purtilo, J.",Spring 2018,0101,863,1,48
CMSC435,SOFTWARE ENGINEERING,"Purtilo, J.",Spring 2019,0101,863,1,48
CMSC435,SOFTWARE ENGINEERING,"Purtilo, J.",Spring 2020,0101,863,1,46
CMSC435,SOFTWARE ENGINEERING,"Vanhoy, G.",Fall 2019,0201,863,1,45
CMSC435,SOFTWARE ENGINEERING,"Vanhoy, G.",Spring 2020,0201,863,1,52
CMSC436,PRGRMNG HANDHELD SYSTEMS,"Keleher, P.",Spring 2019,0101,863,1,155
CMSC436,PRGRMNG HANDHELD SYSTEMS,"Keleher, P.",Spring 2020,0101,863,1,148
CMSC436,PRGRMNG HANDHELD SYSTEMS,"Memon, A.",Spring 2017,0101,863,1,83
CMSC436,PRGRMNG HANDHELD SYSTEMS,"Porter, A.",Fall 2016,0101,863,1,84
CMSC436,PRGRMNG HANDHELD SYSTEMS,"Porter, A.",Fall 2017,0101,863,1,88
CMSC436,PRGRMNG HANDHELD SYSTEMS,"Porter, A.",Fall 2018,0101,863,1,144
CMSC436,PRGRMNG HANDHELD SYSTEMS,"Porter, A.",Fall 2019,0101,863,1,159
CMSC436,PRGRMNG HANDHELD SYSTEMS,"Porter, A.",Fall 2020,0101,863,1,197
CMSC436,PRGRMNG HANDHELD SYSTEMS,"Sazawal, V.",Spring 2016,0201,863,1,74
CMSC436,PRGRMNG HANDHELD SYSTEMS,"Song, C.",Spring 2016,0101,863,1,75
CMSC436,PRGRMNG HANDHELD SYSTEMS,"Song, C.",Spring 2017,0201,863,1,85
CMSC451,DSG&AN CMPTR ALGOR,"Chang, J.",Spring 2017,0101,863,1,85
CMSC451,DSG&AN CMPTR ALGOR,"Childs, A.",Fall 2018,0201,863,1,145
CMSC451,DSG&AN CMPTR ALGOR,"Childs, A.",Spring 2016,0101,863,1,73
CMSC451,DSG&AN CMPTR ALGOR,"Childs, A.",Spring 2018,0101,863,1,105
CMSC451,DSG&AN CMPTR ALGOR,"Khuller, S.",Spring 2017,0101,863,1,85
CMSC451,DSG&AN CMPTR ALGOR,"Mount, D.",Fall 2017,0101,863,1,86
CMSC451,DSG&AN CMPTR ALGOR,"Srinivasan, A.",Fall 2016,0101,863,1,81
CMSC451,DSG&AN CMPTR ALGOR,"Srinivasan, A.",Fall 2017,0201,863,1,50
CMSC451,DSG&AN CMPTR ALGOR,"Srinivasan, A.",Fall 2018,0301,863,1,29
CMSC451,DSG&AN CMPTR ALGOR,"Srinivasan, A.",Spring 2019,0101,863,1,130
CMSC451,DSGN & ANLYS CMPTR ALGOR,"Childs, A.",Fall 2019,0101,863,1,98
CMSC451,DSGN & ANLYS CMPTR ALGOR,"Childs, A.",Fall 2019,0201,863,1,97
CMSC451,DSGN & ANLYS CMPTR ALGOR,"Childs, A.",Fall 2020,0101,863,1,151
CMSC451,DSGN & ANLYS CMPTR ALGOR,"Katz, J.",Fall 2020,0201,863,1,100
CMSC451,DSGN & ANLYS CMPTR ALGOR,"Kruskal, C.",Spring 2020,0101,863,1,128
CMSC452,ELEM THRY COMPTNG,"Gasarch, W.",Spring 2020,0101,863,1,45
CMSC452,ELEM THRY COMPUTN,"Gasarch, W.",Spring 2017,0101,863,1,47
CMSC452,ELEM THRY COMPUTN,"Gasarch, W.",Spring 2018,0101,863,1,52
CMSC452,ELEM THRY COMPUTN,"Gasarch, W.",Spring 2019,0101,863,1,40
CMSC452,ELEM THRY COMPUTN,"Kruskal, C.",Spring 2016,0101,863,1,43
CMSC454,ALGORITHMS FOR DATA SCI,"Harris, D.",Spring 2020,0101,863,1,11
CMSC456,CRYPTOLOGY,"Katz, J.",Fall 2016,0101,863,1,83
CMSC457,INTRO QUANTUM COMPUTING,"Childs, A.",Spring 2019,0101,863,1,18
CMSC457,INTRO QUANTUM COMPUTING,"Wu, X.",Spring 2018,0101,863,1,21
CMSC457,INTRO QUANTUM COMPUTING,"Wu, X.",Spring 2020,0101,863,1,34
CMSC470,INTRO NATRL LANG PRCSS,"Boyd-Graber Ying, J.",Spring 2019,0101,863,1,38
CMSC470,INTRO NATRL LANG PRCSS,"Carpuat, M.",Fall 2018,0201,863,1,17
CMSC470,INTRO NATRL LANG PRCSS,"Carpuat, M.",Fall 2019,0101,863,1,36
CMSC470,INTRO NATRL LANG PRCSS,"Rytting, C.",Spring 2020,0101,863,1,15
CMSC474,INTRO CMPTNL GAME THRY,"Cleaveland, W.",Spring 2016,0101,863,1,41
CMSC474,INTRO CMPTNL GAME THRY,"Hajiaghayi, M.",Fall 2017,0101,863,1,38
CMSC474,INTRO CMPTNL GAME THRY,"Hajiaghayi, M.",Spring 2019,0101,863,1,33
CMSC474,INTRO CMPTNL GAME THRY,"Nau, D.",Fall 2016,0101,863,1,45
CMSC474,INTRO CMPTNL GAME THRY,"Nau, D.",Spring 2016,0101,863,1,41
CMSC498F,ROBOTICS & PERCEPTION,"Fermuller, C.",Spring 2016,0101,863,1,31
CMSC498F,ROBOTICS & PERCEPTION,"Fermuller, C.",Spring 2017,0101,863,1,28
CMSC498I,COMPUTER VISION,"Davis, L.",Fall 2016,0101,863,1,40
CMSC498J,SOCIAL MEDIA COMPUTING,"Amiriebrahimabadi, H.",Spring 2016,0101,863,1,45
CMSC498L,INTRO TO DEEP LEARNING,"Shrivastava, A.",Spring 2019,0101,863,1,35
CMSC498L,INTRO TO DEEP LEARNING,"Shrivastava, A.",Spring 2020,0101,863,1,74
CMSC498M,MACHINE LEARNING,"Babadi, B.",Spring 2018,0101,863,1,15
CMSC498N,DIGITAL MEDIA,"Eastman, R.",Spring 2020,0101,863,1,11
CMSC498O,INTRO DATA VISUALIZATION,"Battle, L.",Spring 2019,0101,863,1,27
CMSC498O,INTRO DATA VISUALIZATION,"Battle, L.",Spring 2020,0101,863,1,48
CMSC498P,MACHINE LEARNING CPSTN,"Goldstein, T.",Fall 2020,0101,863,1,12
CMSC498R,INTRO TO CRYPTOLOGY,"Glasner, D.",Spring 2016,0101,863,1,16
CMSC498V,ADV FUNCTIONAL PROGRAMNG,"Vazou, N.",Fall 2017,0101,863,1,38
CMSC498V,ADV TPCS IN MACHINE LRNG,"Huang, F.",Fall 2018,0101,863,1,19
CMSC498W,INTRO VIRTUAL AGMNT REAL,"Juba, D.",Spring 2016,0101,863,1,29
CMSC498W,INTRO VIRTUAL AGMNT REAL,"Varshney, A.",Spring 2016,0101,863,1,29
CMSC498X,INTR PARALLEL COMPUTING,"Bhatele, A.",Fall 2020,0101,863,1,22
CMSC498X,INTR WRLSS COMM SD RADIO,"Lichtman, M.",Fall 2018,0101,863,1,21
CMSC498X,INTR WRLSS COMM SD RADIO,"Lichtman, M.",Fall 2019,0101,863,1,31
CMSC498Y,WIRELESS NETWORKING,"Sahoo, A.",Fall 2016,0101,863,1,23
CMSC498Z,INFO CENTRIC DESIGN SYST,"Agrawala, A.",Spring 2017,0101,863,1,10
CMSC624,DATABASE SYSTM ARC & IMP,"Abadi, D.",Fall 2019,0101,863,1,24
CMSC624,DATABASE SYSTM ARC & IMP,"Abadi, D.",Fall 2020,0101,863,1,26
CMSC630,FNDTNS SOFTWARE VERIFCTN,"Cleaveland, W.",Spring 2018,0101,863,1,23
CMSC631,PROG ANLYS&UNDERSTANDING,"Hicks, M.",Fall 2017,0101,863,1,23
CMSC631,PROG ANLYS&UNDERSTANDING,"Lampropoulos, L.",Fall 2019,0101,863,1,24
CMSC631,PROG ANLYS&UNDERSTANDING,"Lampropoulos, L.",Fall 2020,0101,863,1,20
CMSC631,PROG ANLYS&UNDERSTANDING,"Rand, R.",Spring 2019,0101,863,1,22
CMSC634,EMP RSRCH MTHDS IN CMSC,"Mazurek, M.",Fall 2018,0101,863,1,27
CMSC634,EMP RSRCH MTHDS IN CMSC,"Mazurek, M.",Fall 2020,0101,863,1,28
CMSC634,EMP RSRCH MTHDS IN CMSC,"Mazurek, M.",Spring 2017,0101,863,1,19
CMSC641,PRINCIPLES OF DATA SCI,"Deshpande, A.",Fall 2017,PCD1,863,1,14
CMSC641,PRINCIPLES OF DATA SCI,"Dickerson, J.",Fall 2018,PCD1,863,1,13
CMSC642,BIG DATA SYSTEMS,"Saggar, P.",Spring 2019,PCD1,863,1,15
CMSC643,MACH LEARN & DATA MINING,"Corrada Bravo, H.",Fall 2017,PCD1,863,1,11
CMSC643,MACH LEARN & DATA MINING,"Corrada Bravo, H.",Fall 2018,PCD1,863,1,16
CMSC644,ALGORITHMS FOR DATA SCI,"Corrada Bravo, H.",Spring 2019,PCD1,863,1,14
CMSC644,ALGORITHMS FOR DATA SCI,"Khuller, S.",Spring 2019,PCD1,863,1,14
CMSC651,ANALYSIS OF ALGORITHMS,"Srinivasan, A.",Spring 2018,0101,863,1,37
CMSC652,COMPLEXITY THEORY,"Wu, X.",Fall 2017,0101,863,1,19
CMSC657,INTRO QUANTUM PROCESS,"Alagic, G.",Fall 2020,0101,863,1,35
CMSC657,INTRO QUANTUM PROCESS,"Wu, X.",Fall 2018,0101,863,1,39
CMSC657,INTRO QUANTUM PROCESS,"Wu, X.",Fall 2019,0101,863,1,36
CMSC701,COMPUTATIONAL GENOMICS,"Pop, M.",Fall 2016,0101,863,1,37
CMSC701,COMPUTATIONAL GENOMICS,"Pop, M.",Spring 2019,0101,863,1,29
CMSC702,COMPUTATIONAL SYS BIOL,"Khan, Z.",Spring 2016,0101,863,1,22
CMSC703,NTWK ANLYS MODEL BIO SYS,"Ruppin, E.",Spring 2017,0101,863,1,16
CMSC711,COMPUTER NETWORKS,"Bhattacharjee, S.",Spring 2016,0101,863,1,13
CMSC711,COMPUTER NETWORKS,"Bhattacharjee, S.",Spring 2018,0101,863,1,13
CMSC711,COMPUTER NETWORKS,"Bhattacharjee, S.",Spring 2020,0101,863,1,16
CMSC714,HIGH PERF COMP SYS,"Bhatele, A.",Fall 2019,0101,863,1,13
CMSC714,HIGH PERF COMP SYS,"Sussman, A.",Fall 2018,0101,863,1,37
CMSC714,HIGH PERF COMP SYS,"Sussman, A.",Spring 2017,0101,863,1,23
CMSC722,ARTIFICIAL INTELL PLAN,"Nau, D.",Spring 2016,0101,863,1,12
CMSC722,ARTIFICIAL INTELL PLAN,"Nau, D.",Spring 2018,0101,863,1,19
CMSC722,ARTIFICIAL INTELL PLAN,"Nau, D.",Spring 2019,0101,863,1,20
CMSC722,ARTIFICIAL INTELL PLAN,"Nau, D.",Spring 2020,0101,863,1,30
CMSC723,COMPUTATIONAL LING I,"Boyd-Graber Ying, J.",Fall 2018,0101,863,1,63
CMSC723,COMPUTATIONAL LING I,"Carpuat, M.",Fall 2016,0101,863,1,45
CMSC723,COMPUTATIONAL LING I,"Carpuat, M.",Fall 2017,0101,863,1,44
CMSC723,COMPUTATIONAL LING I,"Daume, H.",Fall 2019,0101,863,1,87
CMSC724,DATABASE MGMT SYSTEMS,"Deshpande, A.",Spring 2016,0101,863,1,19
CMSC724,DATABASE MGMT SYSTEMS,"Deshpande, A.",Spring 2017,0101,863,1,23
CMSC725,GEOG SYS SPATIAL DATABAS,"Samet, H.",Fall 2017,0101,863,1,10
CMSC726,MACHINE LEARNING,"Boyd-Graber Ying, J.",Fall 2017,0101,863,1,58
CMSC726,MACHINE LEARNING,"Daume, H.",Spring 2016,0101,863,1,47
CMSC726,MACHINE LEARNING,"Feizi-Khankandi, S.",Fall 2018,0101,863,1,47
CMSC726,MACHINE LEARNING,"Feizi-Khankandi, S.",Fall 2019,0101,863,1,82
CMSC727,NEURAL MODELING,"Reggia, J.",Fall 2018,0101,863,1,40
CMSC727,NEURAL MODELING,"Reggia, J.",Fall 2020,0101,863,1,38
CMSC727,NEURAL MODELING,"Reggia, J.",Spring 2017,0101,863,1,39
CMSC733,COMP PROC PIC INFO,"Aloimonos, J.",Spring 2017,0101,863,1,17
CMSC733,COMP PROC PIC INFO,"Aloimonos, J.",Spring 2019,0101,863,1,21
CMSC733,COMP PROC PIC INFO,"Aloimonos, J.",Spring 2020,0101,863,1,30
CMSC734,INFORMTN VISUALIZATION,"Liu, Z.",Fall 2020,0101,863,1,28
CMSC737,FUND OF SOFTWARE TESTING,"Memon, A.",Fall 2016,0101,863,1,21
CMSC737,FUND OF SOFTWARE TESTING,"Memon, A.",Fall 2017,0101,863,1,18
CMSC740,ADV COMP GRAPHICS,"Zwicker, M.",Fall 2017,0101,863,1,18
CMSC740,ADV COMP GRAPHICS,"Zwicker, M.",Spring 2019,0101,863,1,29
CMSC740,ADV COMP GRAPHICS,"Zwicker, M.",Spring 2020,0101,863,1,36
CMSC754,COMPUTATIONAL GEOMETRY,"Mount, D.",Fall 2016,0101,863,1,32
CMSC754,COMPUTATIONAL GEOMETRY,"Mount, D.",Spring 2020,0101,863,1,54
CMSC764,ADV NUMRCL OPTIMIZ,"Goldstein, T.",Spring 2016,0101,863,1,35
CMSC798E,GRAD SEM CMPTR SCI,"Corrada Bravo, H.",Fall 2017,0101,863,1,24
CMSC798E,GRAD SEM CMPTR SCI,"Duraiswami, R.",Fall 2019,0101,863,1,31
CMSC798E,GRAD SEM CMPTR SCI,"Foster, J.",Fall 2016,0101,863,1,36
CMSC798F,HOW TO CONDUCT RESEARCH,"Davis, L.",Spring 2017,0101,863,1,37
CMSC798F,HOW TO CONDUCT RESEARCH,"Duraiswami, R.",Spring 2019,0101,863,1,59
CMSC798F,HOW TO CONDUCT RESEARCH,"Foster, J.",Spring 2018,0101,863,1,53
CMSC798F,HOW TO CONDUCT RESEARCH,"Shneiderman, B.",Spring 2016,0101,863,1,47
CMSC800,CONDUCT GREAT RESEARCH,"Duraiswami, R.",Spring 2020,0101,863,1,69
CMSC801,DEPT RESEARCH SEMINAR,"Duraiswami, R.",Fall 2020,0101,863,1,25
CMSC818B,DECSN-MKG FOR ROBOTICS,"Tokekar, P.",Fall 2019,0101,863,1,32
CMSC818B,DECSN-MKG FOR ROBOTICS,"Tokekar, P.",Fall 2020,0101,863,1,45
CMSC818D,FACTORS SCRTY & PRIVACY,"Mazurek, M.",Spring 2016,0101,863,1,16
CMSC818D,HMN FCTR SCRTY PRVCY,"Mazurek, M.",Spring 2020,0101,863,1,30
CMSC818D,HMN FCTRS IN SCRTY & PRV,"Mazurek, M.",Spring 2018,0101,863,1,16
CMSC818E,"CLOUDS, CONSISTENCY","Keleher, P.",Fall 2020,0101,863,1,15
CMSC818E,DIS & CLOUD STRG SYSTEMS,"Keleher, P.",Fall 2018,0101,863,1,10
CMSC818E,DIS & CLOUD STRG SYSTEMS,"Keleher, P.",Fall 2019,0101,863,1,22
CMSC818F,APP CRYPT & HOSTILE GVRN,"Miers, I.",Fall 2020,0101,863,1,20
CMSC818G,INFO-CNTR DESIGN SYS,"Agrawala, A.",Spring 2016,0101,863,1,20
CMSC818G,INFO-CNTR DESIGN SYS,"Agrawala, A.",Spring 2017,0101,863,1,14
CMSC818G,INFO-CNTR DESIGN SYS,"Agrawala, A.",Spring 2018,0101,863,1,21
CMSC818K,CODING THEORY & APPLCTNS,"Barg, A.",Fall 2020,0101,863,1,24
CMSC818N,ROBOTICS,"Manocha, D.",Spring 2019,0101,863,1,29
CMSC818N,ROBOTICS,"Manocha, D.",Spring 2020,0101,863,1,28
CMSC818O,CMPTR & NTWRK SECURITY,"Levin, D.",Fall 2017,0101,863,1,19
CMSC818O,CMPTR & NTWRK SECURITY,"Levin, D.",Fall 2018,0101,863,1,26
CMSC818O,CMPTR & NTWRK SECURITY,"Levin, D.",Fall 2019,0101,863,1,25
CMSC818O,CMPTR & NTWRK SECURITY,"Levin, D.",Spring 2017,0101,863,1,24
CMSC818W,WRLS & MOB SYS IOT,"Roy, N.",Spring 2019,0101,863,1,22
CMSC818W,WRLS & MOBL SYST IOT,"Roy, N.",Fall 2019,0101,863,1,33
CMSC818W,WRLSS & MOBILE SYSTM IOT,"Roy, N.",Fall 2020,0101,863,1,27
CMSC818X,INTRO PARALLEL COMPUTING,"Bhatele, A.",Fall 2020,0101,863,1,25
CMSC828B,NEURAL MACHINE TRANS,"Carpuat, M.",Spring 2020,0101,863,1,29
CMSC828C,LOGIC & ARTICIFIC INTEL,"Subrahmanian, V.",Spring 2016,0101,863,1,16
CMSC828D,ADV TOPC INFO PROC,"Battle, L.",Fall 2018,0201,863,1,24
CMSC828D,INTERACTIVE DATA ANLYTCS,"Battle, L.",Fall 2019,0101,863,1,35
CMSC828I,ADV TCH VISUAL LRN & RCG,"Shrivastava, A.",Fall 2018,0101,863,1,29
CMSC828I,ADV TCH VISUAL LRN & RCG,"Shrivastava, A.",Fall 2019,0101,863,1,56
CMSC828I,ADV TCH VISUAL LRN & RCG,"Shrivastava, A.",Fall 2020,0101,863,1,64
CMSC828J,CMMN-SNS REASON & LANG,"Rudinger, R.",Fall 2020,0101,863,1,19
CMSC828J,DEEP LRN MDL VIDEO ANLYS,"Davis, L.",Spring 2018,0101,863,1,35
CMSC828K,ROBOTICS & PERCEPTION,"Fermuller, C.",Spring 2016,0101,863,1,10
CMSC828L,DEEP LEARNING,"Jacobs, D.",Fall 2016,0101,863,1,29
CMSC828L,DEEP LEARNING,"Jacobs, D.",Fall 2018,0101,863,1,73
CMSC828M,APP MECH DES SOC GOOD,"Dickerson, J.",Spring 2018,0101,863,1,34
CMSC828M,APPL MECH DES SOC GOOD,"Dickerson, J.",Fall 2016,0101,863,1,22
CMSC828M,APPLIED MECH DESIGN,"Dickerson, J.",Spring 2020,0101,863,1,50
CMSC828N,DTBSE SYS ARCH & IMPLMT,"Abadi, D.",Fall 2017,0101,863,1,10
CMSC828O,ANALYSIS BIO NETWORKS,"Corrada Bravo, H.",Fall 2017,0101,863,1,31
CMSC828O,ANALYSIS BIO NETWORKS,"Corrada Bravo, H.",Fall 2018,0101,863,1,27
CMSC828O,ANALYSIS BIO NETWORKS,"Corrada Bravo, H.",Fall 2019,0101,863,1,24
CMSC828P,ALGORITHMS & MACINE LRNG,"Leiserson, M.",Fall 2017,0101,863,1,11
CMSC828P,ALGORITHMS & MACINE LRNG,"Leiserson, M.",Fall 2018,0101,863,1,16
CMSC828Q,NATURE INSPRD COMPUTING,"Reggia, J.",Fall 2019,0101,863,1,19
CMSC828R,ADV TOPICS IN INFO PROC,"Huang, F.",Fall 2017,0101,863,1,15
CMSC828T,AERIAL ROBOTICS,"Aloimonos, J.",Fall 2017,0101,863,1,29
CMSC828U,AGLOR ML GUARNT ANAL,"Huang, F.",Fall 2020,0101,863,1,71
CMSC828U,GUARANTEES & ANALYSES,"Huang, F.",Spring 2019,0101,863,1,32
CMSC828W,FNDTNS OF DEEP LEARNING,"Feizi-Khankandi, S.",Fall 2020,0101,863,1,92
CMSC828X,ALG PRB DTRMN GRPH MDLS,"Dechter, R.",Spring 2019,0101,863,1,15
CMSC828X,"MDLING, SIM, & ANIMTION","Lin, M.",Fall 2019,0101,863,1,21
CMSC828Y,HUMAN-LEVEL AI,"Perlis, D.",Spring 2017,0101,863,1,10
CMSC828Z,INFO RETRIEVAL SYSTEMS,"Galuscakova, P.",Fall 2019,0101,863,1,14
CMSC828Z,REINFORCEMENT LEARNING,"Daume, H.",Fall 2016,0101,863,1,24
CMSC838E,COMPILER CONSTRUCTION,"Van Horn, D.",Spring 2020,0101,863,1,19
CMSC838J,INTERACTIVE TECHNOLOGIES,"Peng, H.",Spring 2019,0101,863,1,29
CMSC838J,INTERACTIVE TECHNOLOGIES,"Peng, H.",Spring 2020,0101,863,1,39
CMSC838J,INTRCV TECH HCI,"Peng, H.",Fall 2020,0101,863,1,36
CMSC838M,MODEL CHECKING,"Cleaveland, W.",Spring 2017,0101,863,1,13
CMSC858C,RANDOMIZED ALGORITHMS,"Srinivasan, A.",Spring 2017,0101,863,1,23
CMSC858D,HIGH-THROUGHPUT GENOMICS,"Patro, R.",Fall 2019,0101,863,1,17
CMSC858D,HIGH-THROUGHPUT GENOMICS,"Patro, R.",Fall 2020,0101,863,1,11
CMSC858E,THEORY OF COMPUTNG,"Khuller, S.",Fall 2018,0201,863,1,23
CMSC858G,"BANDITS, EXPERTS, & GAME","Slivkins, A.",Fall 2016,0101,863,1,15
CMSC858K,INTRO QUANTUM INFO PRCSS,"Childs, A.",Fall 2016,0101,863,1,34
CMSC858K,INTRO QUANTUM INFO PRCSS,"Childs, A.",Fall 2017,0101,863,1,36
CMSC858M,FUN HARDNESS PROOFS,"Hajiaghayi, M.",Spring 2019,0101,863,1,20
CMSC858Q,QUANTUM ALGORITHMS,"Childs, A.",Spring 2017,0101,863,1,12
CMSC858R,RAMSEY THEORY,"Gasarch, W.",Spring 2018,0101,863,1,24
CMSC858X,BIO NETWORK ANALYSIS,"Ruppin, E.",Spring 2016,0101,863,1,10
CMSC898,PRE-CANDIDACY RESEARCH,"Davis, L.",Fall 2016,1600,863,1,12
CMSC898,PRE-CANDIDACY RESEARCH,"Davis, L.",Fall 2018,1600,863,1,10
CMSC898,PRE-CANDIDACY RESEARCH,"Davis, L.",Spring 2017,1600,863,1,10
CMSC898,PRE-CANDIDACY RESEARCH,"Davis, L.",Spring 2020,1600,863,1,10
CMSC898,PRE-CANDIDACY RESEARCH,"Manocha, D.",Fall 2020,0107,863,1,13
